-- MySQL dump 10.13  Distrib 8.0.36, for Win64 (x86_64)
--
-- Host: localhost    Database: jcompanydb
-- ------------------------------------------------------
-- Server version	8.0.36

/*!40101 SET @OLD_CHARACTER_SET_CLIENT=@@CHARACTER_SET_CLIENT */;
/*!40101 SET @OLD_CHARACTER_SET_RESULTS=@@CHARACTER_SET_RESULTS */;
/*!40101 SET @OLD_COLLATION_CONNECTION=@@COLLATION_CONNECTION */;
/*!50503 SET NAMES utf8 */;
/*!40103 SET @OLD_TIME_ZONE=@@TIME_ZONE */;
/*!40103 SET TIME_ZONE='+00:00' */;
/*!40014 SET @OLD_UNIQUE_CHECKS=@@UNIQUE_CHECKS, UNIQUE_CHECKS=0 */;
/*!40014 SET @OLD_FOREIGN_KEY_CHECKS=@@FOREIGN_KEY_CHECKS, FOREIGN_KEY_CHECKS=0 */;
/*!40101 SET @OLD_SQL_MODE=@@SQL_MODE, SQL_MODE='NO_AUTO_VALUE_ON_ZERO' */;
/*!40111 SET @OLD_SQL_NOTES=@@SQL_NOTES, SQL_NOTES=0 */;

--
-- Table structure for table `admins`
--

DROP TABLE IF EXISTS admins;
/*!40101 SET @saved_cs_client     = @@character_set_client */;
/*!50503 SET character_set_client = utf8mb4 */;
CREATE TABLE admins (
  username varchar(200) NOT NULL,
  `password` varchar(200) DEFAULT NULL,
  UNIQUE KEY username_UNIQUE (username)
) ENGINE=InnoDB DEFAULT CHARSET=utf8mb4 COLLATE=utf8mb4_0900_ai_ci;
/*!40101 SET character_set_client = @saved_cs_client */;

--
-- Dumping data for table `admins`
--

LOCK TABLES admins WRITE;
/*!40000 ALTER TABLE admins DISABLE KEYS */;
INSERT INTO admins VALUES ('admin','8c6976e5b5410415bde908bd4dee15dfb167a9c873fc4bb8a81f6f2ab448a918');
/*!40000 ALTER TABLE admins ENABLE KEYS */;
UNLOCK TABLES;

--
-- Table structure for table `customers`
--

DROP TABLE IF EXISTS customers;
/*!40101 SET @saved_cs_client     = @@character_set_client */;
/*!50503 SET character_set_client = utf8mb4 */;
CREATE TABLE customers (
  customerId int NOT NULL AUTO_INCREMENT,
  firstName varchar(50) DEFAULT NULL,
  lastName varchar(50) DEFAULT NULL,
  email varchar(100) DEFAULT NULL,
  phoneNumber varchar(15) DEFAULT NULL,
  address varchar(255) DEFAULT NULL,
  city varchar(100) DEFAULT NULL,
  country varchar(100) DEFAULT NULL,
  postalCode varchar(20) DEFAULT NULL,
  PRIMARY KEY (customerId)
) ENGINE=InnoDB AUTO_INCREMENT=120 DEFAULT CHARSET=utf8mb4 COLLATE=utf8mb4_0900_ai_ci;
/*!40101 SET character_set_client = @saved_cs_client */;

--
-- Dumping data for table `customers`
--

LOCK TABLES customers WRITE;
/*!40000 ALTER TABLE customers DISABLE KEYS */;
INSERT INTO customers VALUES (1,'John','Doe','john.doe@example.com','+1234567890','123 Main St','New York','USA','10001'),(2,'Alice','Smith','alice.smith@example.com','+1987654321','456 Elm St','Los Angeles','USA','90001'),(3,'Michael','Johnson','michael.johnson@example.com','+1122334455','789 Oak St','Chicago','USA','60601'),(4,'Emily','Brown','emily.brown@example.com','+1555555555','101 Pine St','Houston','USA','77001'),(5,'William','Jones','william.jones@example.com','+1777777777','234 Maple St','Phoenix','USA','85001'),(6,'Sophia','Garcia','sophia.garcia@example.com','+1666666666','567 Walnut St','Philadelphia','USA','19101'),(7,'James','Martinez','james.martinez@example.com','+1888888888','890 Cedar St','San Antonio','USA','78201'),(8,'Olivia','Hernandez','olivia.hernandez@example.com','+1999999999','111 Birch St','San Diego','USA','92101'),(9,'Benjamin','Young','benjamin.young@example.com','+1222222222','222 Oak St','Dallas','USA','75201'),(10,'Emma','King','emma.king@example.com','+1333333333','333 Elm St','San Jose','USA','95101'),(11,'Lucas','Lopez','lucas.lopez@example.com','+1444444444','444 Maple St','Austin','USA','73301'),(12,'Mia','Gonzalez','mia.gonzalez@example.com','+1555555555','555 Pine St','Jacksonville','USA','32201'),(13,'Alexander','Wilson','alexander.wilson@example.com','+1666666666','666 Walnut St','Indianapolis','USA','46201'),(14,'Charlotte','Anderson','charlotte.anderson@example.com','+1777777777','777 Cedar St','San Francisco','USA','94101'),(15,'Jacob','Taylor','jacob.taylor@example.com','+1888888888','888 Birch St','Columbus','USA','43201'),(16,'Amelia','Thomas','amelia.thomas@example.com','+1999999999','999 Oak St','Charlotte','USA','28201'),(17,'Ethan','Hernandez','ethan.hernandez@example.com','+1222222222','123 Main St','Fort Worth','USA','76101'),(18,'Isabella','Walker','isabella.walker@example.com','+1333333333','456 Elm St','Detroit','USA','48201'),(19,'Aiden','Perez','aiden.perez@example.com','+1444444444','789 Oak St','El Paso','USA','79901'),(20,'Ava','Roberts','ava.roberts@example.com','+1555555555','101 Pine St','Seattle','USA','98101'),(21,'Liam','Cook','liam.cook@example.com','+1666666666','234 Maple St','Denver','USA','80201'),(22,'Harper','Cooper','harper.cooper@example.com','+1777777777','567 Walnut St','Washington','USA','20001'),(23,'Noah','Richardson','noah.richardson@example.com','+1888888888','890 Cedar St','Boston','USA','02101'),(24,'Evelyn','Murphy','evelyn.murphy@example.com','+1999999999','111 Birch St','Nashville','USA','37201'),(25,'Logan','Bailey','logan.bailey@example.com','+1222222222','222 Oak St','Baltimore','USA','21201'),(26,'Avery','Russell','avery.russell@example.com','+1333333333','333 Elm St','Louisville','USA','40201'),(27,'Luna','Griffin','luna.griffin@example.com','+1444444444','444 Maple St','Milwaukee','USA','53201'),(28,'Mason','Diaz','mason.diaz@example.com','+1555555555','555 Pine St','Portland','USA','97201'),(29,'Layla','Hayes','layla.hayes@example.com','+1666666666','666 Walnut St','Oklahoma City','USA','73101'),(30,'Carter','Myers','carter.myers@example.com','+1777777777','777 Cedar St','Las Vegas','USA','89101'),(31,'Ellie','Ford','ellie.ford@example.com','+1888888888','888 Birch St','Louis','USA','63101'),(32,'Jackson','Hamilton','jackson.hamilton@example.com','+1999999999','999 Oak St','San Jose','USA','95101'),(33,'Scarlett','Snyder','scarlett.snyder@example.com','+1222222222','123 Main St','Jackson','USA','39201'),(34,'Luke','Wells','luke.wells@example.com','+1333333333','456 Elm St','Tampa','USA','33601'),(35,'Chloe','Bryant','chloe.bryant@example.com','+1444444444','789 Oak St','Salt Lake City','USA','84101'),(36,'Zoey','Henry','zoey.henry@example.com','+1555555555','101 Pine St','Orlando','USA','32801'),(37,'Gabriel','Webb','gabriel.webb@example.com','+1666666666','234 Maple St','Kansas City','USA','64101'),(38,'Grace','Cruz','grace.cruz@example.com','+1777777777','567 Walnut St','Cleveland','USA','44101'),(39,'Jack','Sullivan','jack.sullivan@example.com','+1888888888','890 Cedar St','Miami','USA','33101'),(40,'Madison','Scott','madison.scott@example.com','+1999999999','111 Birch St','Raleigh','USA','27601'),(41,'Ryan','Gomez','ryan.gomez@example.com','+1222222222','222 Oak St','Minneapolis','USA','55401'),(42,'Nora','Alexander','nora.alexander@example.com','+1333333333','333 Elm St','Hartford','USA','06101'),(43,'Elijah','Gutierrez','elijah.gutierrez@example.com','+1444444444','444 Maple St','Honolulu','USA','96801'),(44,'Aubrey','Perry','aubrey.perry@example.com','+1555555555','555 Pine St','Anchorage','USA','99501'),(45,'Levi','Butler','levi.butler@example.com','+1666666666','666 Walnut St','Boise','USA','83701'),(46,'Aria','Barnes','aria.barnes@example.com','+1777777777','777 Cedar St','Little Rock','USA','72201'),(47,'Grayson','Fisher','grayson.fisher@example.com','+1888888888','888 Birch St','Des Moines','USA','50301'),(48,'Addison','Harrison','addison.harrison@example.com','+1999999999','999 Oak St','Montgomery','USA','36101'),(49,'Lily','Gibson','lily.gibson@example.com','+1222222222','123 Main St','Juneau','USA','99801'),(50,'David','Owens','david.owens@example.com','+1333333333','456 Elm St','Lansing','USA','48901'),(51,'Joseph','McDonald','joseph.mcdonald@example.com','+1444444444','789 Oak St','St. Paul','USA','55101'),(52,'Ella','Dunn','ella.dunn@example.com','+1555555555','101 Pine St','Helena','USA','59601'),(53,'Nathan','Ray','nathan.ray@example.com','+1666666666','234 Maple St','Lincoln','USA','68501'),(54,'Mila','Pierce','mila.pierce@example.com','+1777777777','567 Walnut St','Carson City','USA','89701'),(55,'Alexander','Watkins','alexander.watkins@example.com','+1888888888','890 Cedar St','Concord','USA','03301'),(56,'Emily','Grant','emily.grant@example.com','+1999999999','111 Birch St','Trenton','USA','08601'),(57,'Caleb','Knight','caleb.knight@example.com','+1222222222','222 Oak St','Santa Fe','USA','87501'),(58,'Aurora','Bradley','aurora.bradley@example.com','+1333333333','333 Elm St','Albany','USA','12201'),(59,'Hudson','Fox','hudson.fox@example.com','+1444444444','444 Maple St','Raleigh','USA','27601'),(60,'Elizabeth','Hart','elizabeth.hart@example.com','+1555555555','555 Pine St','Columbus','USA','43201'),(61,'Connor','Reynolds','connor.reynolds@example.com','+1666666666','666 Walnut St','Austin','USA','73301'),(62,'Sofia','Bryant','sofia.bryant@example.com','+1777777777','777 Cedar St','San Francisco','USA','94101'),(63,'Henry','Torres','henry.torres@example.com','+1888888888','888 Birch St','Boston','USA','02101'),(64,'Ellie','Jenkins','ellie.jenkins@example.com','+1999999999','999 Oak St','Charlotte','USA','28201'),(65,'Owen','Chavez','owen.chavez@example.com','+1222222222','123 Main St','Dallas','USA','75201'),(66,'Aria','Murray','aria.murray@example.com','+1333333333','456 Elm St','Washington','USA','20001'),(67,'Luke','Kim','luke.kim@example.com','+1444444444','789 Oak St','Atlanta','USA','30301'),(68,'Aurora','Nguyen','aurora.nguyen@example.com','+1555555555','101 Pine St','Houston','USA','77001'),(69,'Eli','Snyder','eli.snyder@example.com','+1666666666','234 Maple St','New York','USA','10001'),(70,'Aubrey','Ramirez','aubrey.ramirez@example.com','+1777777777','567 Walnut St','Chicago','USA','60601'),(71,'Anna','Long','anna.long@example.com','+1888888888','890 Cedar St','Los Angeles','USA','90001'),(72,'Levi','Nguyen','levi.nguyen@example.com','+1999999999','111 Birch St','Phoenix','USA','85001'),(73,'Liam','Kumar','liam.kumar@example.com','+1222222222','222 Oak St','Philadelphia','USA','19101'),(74,'Stella','Khan','stella.khan@example.com','+1333333333','333 Elm St','San Antonio','USA','78201'),(75,'Landon','Patel','landon.patel@example.com','+1444444444','444 Maple St','San Diego','USA','92101'),(76,'Lucy','Gupta','lucy.gupta@example.com','+1555555555','555 Pine St','Dallas','USA','75201'),(77,'Henry','Singh','henry.singh@example.com','+1666666666','666 Walnut St','San Jose','USA','95101'),(78,'Hazel','Liu','hazel.liu@example.com','+1777777777','777 Cedar St','Austin','USA','73301'),(79,'Jackson','Yang','jackson.yang@example.com','+1888888888','888 Birch St','Jacksonville','USA','32201'),(80,'Sophie','Wang','sophie.wang@example.com','+1999999999','999 Oak St','Indianapolis','USA','46201'),(81,'Samuel','Lee','samuel.lee@example.com','+1222222222','123 Main St','San Francisco','USA','94101'),(82,'Clara','Chen','clara.chen@example.com','+1333333333','456 Elm St','Columbus','USA','43201'),(83,'Mason','Sharma','mason.sharma@example.com','+1444444444','789 Oak St','Charlotte','USA','28201'),(84,'Nova','Patel','nova.patel@example.com','+1555555555','101 Pine St','Fort Worth','USA','76101'),(85,'Mateo','Gupta','mateo.gupta@example.com','+1666666666','234 Maple St','Detroit','USA','48201'),(86,'Willow','Kumar','willow.kumar@example.com','+1777777777','567 Walnut St','El Paso','USA','79901'),(87,'Miles','Tran','miles.tran@example.com','+1888888888','890 Cedar St','Seattle','USA','98101'),(88,'Avery','Ali','avery.ali@example.com','+1999999999','111 Birch St','Denver','USA','80201'),(89,'Everly','Das','everly.das@example.com','+1222222222','222 Oak St','Washington','USA','20001'),(90,'Daniel','Srivastava','daniel.srivastava@example.com','+1333333333','333 Elm St','Louisville','USA','40201'),(91,'Julian','Chopra','julian.chopra@example.com','+1444444444','444 Maple St','Milwaukee','USA','53201'),(92,'Isaac','Gupta','isaac.gupta@example.com','+1555555555','555 Pine St','Portland','USA','97201'),(93,'Zoe','Shah','zoe.shah@example.com','+1666666666','666 Walnut St','Oklahoma City','USA','73101'),(94,'Penelope','Das','penelope.das@example.com','+1777777777','777 Cedar St','Las Vegas','USA','89101'),(95,'Emmett','Patel','emmett.patel@example.com','+1888888888','888 Birch St','Louis','USA','63101'),(96,'Willa','Gupta','willa.gupta@example.com','+1999999999','999 Oak St','San Jose','USA','95101'),(97,'Ronin','Khan','ronin.khan@example.com','+1222222222','123 Main St','Jackson','USA','39201'),(98,'Ezekiel','Li','ezekiel.li@example.com','+1333333333','456 Elm St','Tampa','USA','33601'),(99,'Nicole','Rao','nicole.rao@example.com','+1444444444','789 Oak St','Salt Lake City','USA','84101'),(100,'Ivy','Naidu','ivy.naidu@example.com','+1555555555','101 Pine St','Orlando','USA','32801'),(101,'Harrison','Patel','harrison.patel@example.com','+1666666666','234 Maple St','Kansas City','USA','64101'),(102,'Eva','Gupta','eva.gupta@example.com','+1777777777','567 Walnut St','Cleveland','USA','44101'),(103,'Nicholas','Patel','nicholas.patel@example.com','+1888888888','890 Cedar St','Miami','USA','33101'),(104,'Audrey','Chopra','audrey.chopra@example.com','+1999999999','111 Birch St','Raleigh','USA','27601'),(105,'Oscar','Gupta','oscar.gupta@example.com','+1222222222','222 Oak St','Minneapolis','USA','55401'),(106,'Lila','Sharma','lila.sharma@example.com','+1333333333','333 Elm St','Hartford','USA','06101'),(107,'Max','Das','max.das@example.com','+1444444444','444 Maple St','Honolulu','USA','96801'),(108,'Caroline','Srivastava','caroline.srivastava@example.com','+1555555555','555 Pine St','Anchorage','USA','99501'),(109,'Xavier','Singh','xavier.singh@example.com','+1666666666','666 Walnut St','Boise','USA','83701'),(110,'Molly','Gupta','molly.gupta@example.com','+1777777777','777 Cedar St','Little Rock','USA','72201'),(111,'Daniel','Ali','daniel.ali@example.com','+1888888888','888 Birch St','Des Moines','USA','50301'),(112,'Sarah','Hart','sarah.hart@example.com','+1999999999','999 Oak St','Montgomery','USA','36101'),(113,'Xander','Shah','xander.shah@example.com','+1222222222','123 Main St','Juneau','USA','99801'),(114,'Isla','Gupta','isla.gupta@example.com','+1333333333','456 Elm St','Lansing','USA','48901'),(115,'Elias','McDonald','elias.mcdonald@example.com','+1444444444','789 Oak St','St. Paul','USA','55101'),(116,'Yusuf','B.','test@example.com','+902313133113','Istanbul, TR','Istanbul','Turkey','34005');
/*!40000 ALTER TABLE customers ENABLE KEYS */;
UNLOCK TABLES;

--
-- Table structure for table `employees`
--

DROP TABLE IF EXISTS employees;
/*!40101 SET @saved_cs_client     = @@character_set_client */;
/*!50503 SET character_set_client = utf8mb4 */;
CREATE TABLE employees (
  employeeId int NOT NULL AUTO_INCREMENT,
  firstName varchar(50) DEFAULT NULL,
  lastName varchar(50) DEFAULT NULL,
  email varchar(100) DEFAULT NULL,
  phoneNumber varchar(15) DEFAULT NULL,
  jobTitle varchar(100) DEFAULT NULL,
  startDate date DEFAULT NULL,
  officeCode int DEFAULT NULL,
  PRIMARY KEY (employeeId),
  KEY officeCode (officeCode),
  CONSTRAINT employees_ibfk_1 FOREIGN KEY (officeCode) REFERENCES offices (officeCode)
) ENGINE=InnoDB AUTO_INCREMENT=153 DEFAULT CHARSET=utf8mb4 COLLATE=utf8mb4_0900_ai_ci;
/*!40101 SET character_set_client = @saved_cs_client */;

--
-- Dumping data for table `employees`
--

LOCK TABLES employees WRITE;
/*!40000 ALTER TABLE employees DISABLE KEYS */;
INSERT INTO employees VALUES (77,'John','Doe','john.doe@example.com','123456789','Manager','2022-01-01',1),(78,'Jane','Smith','jane.smith@example.com','987654321','Sales Representative','2022-01-02',2),(79,'Michael','Johnson','michael.johnson@example.com','5551234567','IT Specialist','2022-01-03',1),(80,'Emily','Brown','emily.brown@example.com','5559876543','Accountant','2022-01-04',2),(81,'David','Williams','david.williams@example.com','5555555555','HR Manager','2022-01-05',1),(82,'Emma','Jones','emma.jones@example.com','5551112222','Marketing Coordinator','2022-01-06',2),(83,'William','Miller','william.miller@example.com','5556667777','Software Developer','2022-01-07',1),(84,'Olivia','Wilson','olivia.wilson@example.com','5558889999','Customer Service Representative','2022-01-08',2),(85,'James','Taylor','james.taylor@example.com','5554443333','Project Manager','2022-01-09',1),(86,'Charlotte','Anderson','charlotte.anderson@example.com','5553332222','Financial Analyst','2022-01-10',2),(87,'Sophia','Martinez','sophia.martinez@example.com','5551234567','IT Specialist','2022-06-01',1),(88,'Ethan','Hernandez','ethan.hernandez@example.com','5559876543','Marketing Manager','2022-06-02',2),(89,'Isabella','Lopez','isabella.lopez@example.com','5555555555','Sales Manager','2022-06-03',1),(90,'Mason','Gonzalez','mason.gonzalez@example.com','5551112222','Software Engineer','2022-06-04',2),(91,'Ava','Rodriguez','ava.rodriguez@example.com','5556667777','Customer Support Specialist','2022-06-05',1),(92,'Logan','Perez','logan.perez@example.com','5558889999','HR Coordinator','2022-06-06',2),(93,'Mia','Sanchez','mia.sanchez@example.com','5551234567','Marketing Assistant','2022-12-25',1),(94,'Benjamin','Ramirez','benjamin.ramirez@example.com','5559876543','Product Manager','2022-12-26',2),(95,'Evelyn','Torres','evelyn.torres@example.com','5555555555','Quality Assurance Analyst','2022-12-27',1),(96,'Harper','Nguyen','harper.nguyen@example.com','5551112222','Business Analyst','2022-12-28',2),(97,'Liam','Chavez','liam.chavez@example.com','5556667777','Marketing Specialist','2022-12-29',1),(98,'Amelia','Gomez','amelia.gomez@example.com','5558889999','Software Architect','2022-12-30',2),(99,'Landon','Garcia','landon.garcia@example.com','5551234567','Operations Manager','2023-01-01',1),(100,'Nora','Vasquez','nora.vasquez@example.com','5559876543','Technical Support Engineer','2023-01-02',2),(101,'Carter','Sullivan','carter.sullivan@example.com','5555555555','Database Administrator','2023-01-03',1),(102,'Grace','Jordan','grace.jordan@example.com','5551112222','Network Administrator','2023-01-04',2),(103,'Luke','Morrison','luke.morrison@example.com','5556667777','Systems Analyst','2023-01-05',1),(104,'Zoey','Watson','zoey.watson@example.com','5558889999','DevOps Engineer','2023-01-06',2),(105,'Aiden','Bush','aiden.bush@example.com','5551234567','Graphic Designer','2023-06-01',1),(106,'Audrey','Chen','audrey.chen@example.com','5559876543','UI/UX Designer','2023-06-02',2),(107,'Gabriel','Yu','gabriel.yu@example.com','5555555555','Web Developer','2023-06-03',1),(108,'Claire','Chang','claire.chang@example.com','5551112222','Full Stack Developer','2023-06-04',2),(109,'Eli','Wu','eli.wu@example.com','5556667777','Software Tester','2023-06-05',1),(110,'Hannah','Wang','hannah.wang@example.com','5558889999','Systems Administrator','2023-06-06',2),(111,'Jackson','Hu','jackson.hu@example.com','5551234567','Project Coordinator','2023-12-25',1),(112,'Avery','Kumar','avery.kumar@example.com','5559876543','Product Owner','2023-12-26',2),(113,'Aria','Kulkarni','aria.kulkarni@example.com','5555555555','Scrum Master','2023-12-27',1),(114,'Hudson','Patel','hudson.patel@example.com','5551112222','Technical Writer','2023-12-28',2),(115,'Grayson','Shah','grayson.shah@example.com','5556667777','Data Scientist','2023-12-29',1),(116,'Scarlett','Tran','scarlett.tran@example.com','5558889999','Machine Learning Engineer','2023-12-30',2),(117,'Levi','Vargas','levi.vargas@example.com','5551234567','Cybersecurity Analyst','2024-01-01',1),(118,'Ellie','Sharma','ellie.sharma@example.com','5559876543','Digital Marketing Specialist','2024-01-02',2),(119,'Nathan','Patel','nathan.patel@example.com','5555555555','Content Writer','2024-01-03',1),(120,'Zachary','Gupta','zachary.gupta@example.com','5551112222','UX Researcher','2024-01-04',2),(121,'Violet','Ali','violet.ali@example.com','5556667777','Product Designer','2024-01-05',1),(122,'Luna','Chopra','luna.chopra@example.com','5558889999','Data Analyst','2024-01-06',2),(123,'Samantha','Rao','samantha.rao@example.com','5551234567','Business Intelligence Analyst','2024-06-01',1),(124,'Aaron','Desai','aaron.desai@example.com','5559876543','Quality Assurance Engineer','2024-06-02',2),(125,'Henry','Naidu','henry.naidu@example.com','5555555555','UI Designer','2024-06-03',1),(126,'Bella','Singh','bella.singh@example.com','5551112222','UX Designer','2024-06-04',2),(127,'Bentley','Amin','bentley.amin@example.com','5556667777','Data Engineer','2024-06-05',1),(128,'Madison','Raman','madison.raman@example.com','5558889999','Business Analyst','2024-06-06',2),(129,'Parker','Mistry','parker.mistry@example.com','5551234567','Marketing Analyst','2024-12-25',1),(130,'Lily','Thakur','lily.thakur@example.com','5559876543','Technical Recruiter','2024-12-26',2),(131,'Xavier','Kaur','xavier.kaur@example.com','5555555555','Software Architect','2024-12-27',1),(132,'Mila','Dhillon','mila.dhillon@example.com','5551112222','Product Analyst','2024-12-28',2),(133,'Liam','Sethi','liam.sethi@example.com','5556667777','Sales Analyst','2024-12-29',1),(134,'Hailey','Narayan','hailey.narayan@example.com','5558889999','Technical Account Manager','2024-12-30',2),(135,'Cameron','Khatri','cameron.khatri@example.com','5551234567','Business Development Manager','2025-01-01',1),(136,'Elliot','Bhasin','elliot.bhasin@example.com','5559876543','Customer Success Manager','2025-01-02',2),(137,'Nolan','Gill','nolan.gill@example.com','5555555555','Brand Manager','2025-01-03',1),(138,'Adeline','Kumar','adeline.kumar@example.com','5551112222','Digital Marketing Manager','2025-01-04',2),(139,'Archer','Grewal','archer.grewal@example.com','5556667777','Operations Coordinator','2025-01-05',1),(140,'Elliana','Lal','elliana.lal@example.com','5558889999','Customer Experience Manager','2025-01-06',2),(141,'Finley','Chandra','finley.chandra@example.com','5551234567','Customer Success Specialist','2025-06-01',1),(142,'Tessa','Reddy','tessa.reddy@example.com','5559876543','Digital Marketing Coordinator','2025-06-02',2),(143,'Rhett','Patel','rhett.patel@example.com','5555555555','Customer Support Manager','2025-06-03',1),(144,'Jasmine','Malik','jasmine.malik@example.com','5551112222','Sales Coordinator','2025-06-04',2),(145,'Emerson','Bawa','emerson.bawa@example.com','5556667777','Marketing Coordinator','2025-06-05',1),(146,'Finn','Chawla','finn.chawla@example.com','5558889999','Sales Assistant','2025-06-06',2),(147,'Sawyer','Prasad','sawyer.prasad@example.com','5551234567','Sales Support Specialist','2025-12-25',1),(148,'Emery','Gupta','emery.gupta@example.com','5559876543','Marketing Assistant','2025-12-26',2),(149,'Rose','Chaudhary','rose.chaudhary@example.com','5555555555','Sales Representative','2025-12-27',1),(150,'Remi','Nagpal','remi.nagpal@example.com','5551112222','Customer Service Manager','2025-12-28',2),(151,'Brooks','Kaul','brooks.kaul@example.com','5556667777','HR Generalist','2025-12-29',1),(152,'Anya','Sodhi','anya.sodhi@example.com','5558889999','Sales Manager','2025-12-30',2);
/*!40000 ALTER TABLE employees ENABLE KEYS */;
UNLOCK TABLES;

--
-- Table structure for table `offices`
--

DROP TABLE IF EXISTS offices;
/*!40101 SET @saved_cs_client     = @@character_set_client */;
/*!50503 SET character_set_client = utf8mb4 */;
CREATE TABLE offices (
  officeCode int NOT NULL AUTO_INCREMENT,
  officeAddress varchar(255) DEFAULT NULL,
  officePhoneNumber varchar(15) DEFAULT NULL,
  PRIMARY KEY (officeCode)
) ENGINE=InnoDB AUTO_INCREMENT=7 DEFAULT CHARSET=utf8mb4 COLLATE=utf8mb4_0900_ai_ci;
/*!40101 SET character_set_client = @saved_cs_client */;

--
-- Dumping data for table `offices`
--

LOCK TABLES offices WRITE;
/*!40000 ALTER TABLE offices DISABLE KEYS */;
INSERT INTO offices VALUES (1,'123 Main Street, Anytown, USA','555-1234'),(2,'456 Elm Street, Othertown, UK','555-5678'),(3,'789 Oak Avenue, Somewhere, Canada','555-9012'),(4,'101 Pine Street, Nowhere, Australia','555-3456'),(5,'246 Maple Avenue, Anywhere, France','555-7890'),(6,'369 Cedar Street, Elsewhere, Germany','555-2345');
/*!40000 ALTER TABLE offices ENABLE KEYS */;
UNLOCK TABLES;

--
-- Table structure for table `orders`
--

DROP TABLE IF EXISTS orders;
/*!40101 SET @saved_cs_client     = @@character_set_client */;
/*!50503 SET character_set_client = utf8mb4 */;
CREATE TABLE orders (
  orderId int NOT NULL AUTO_INCREMENT,
  orderDate date DEFAULT NULL,
  estimatedDate date DEFAULT NULL,
  shippedDate date DEFAULT NULL,
  `status` varchar(50) DEFAULT NULL,
  customerId int DEFAULT NULL,
  PRIMARY KEY (orderId),
  KEY customerId (customerId),
  CONSTRAINT orders_ibfk_1 FOREIGN KEY (customerId) REFERENCES customers (customerId)
) ENGINE=InnoDB AUTO_INCREMENT=151 DEFAULT CHARSET=utf8mb4 COLLATE=utf8mb4_0900_ai_ci;
/*!40101 SET character_set_client = @saved_cs_client */;

--
-- Dumping data for table `orders`
--

LOCK TABLES orders WRITE;
/*!40000 ALTER TABLE orders DISABLE KEYS */;
INSERT INTO orders VALUES (41,'2024-01-02','2024-01-06',NULL,'Processing',1),(42,'2024-01-03','2024-01-07',NULL,'Processing',2),(43,'2023-01-04','2023-01-08','2026-01-07','Shipped',3),(44,'2023-01-05','2023-01-09','2026-01-08','Shipped',4),(45,'2024-01-06','2024-01-10',NULL,'Processing',5),(46,'2023-05-07','2023-05-11','2026-05-10','Shipped',96),(47,'2024-05-08','2024-05-12',NULL,'Processing',97),(48,'2023-05-09','2023-05-13','2026-05-12','Shipped',98),(49,'2024-05-10','2024-05-14',NULL,'Processing',99),(50,'2024-05-11','2024-05-15',NULL,'Processing',100),(71,'2023-01-01','2023-01-05',NULL,'Processing',101),(72,'2023-01-02','2023-01-06','2023-01-04','Shipped',102),(73,'2023-01-03','2023-01-07',NULL,'Processing',103),(74,'2023-01-04','2023-01-08','2023-01-07','Shipped',104),(75,'2023-01-05','2023-01-09',NULL,'Processing',105),(76,'2023-05-06','2023-05-10','2023-05-09','Shipped',1),(77,'2023-05-07','2023-05-11',NULL,'Processing',1),(78,'2023-05-08','2023-05-12',NULL,'Processing',34),(79,'2023-05-09','2023-05-13','2023-05-12','Shipped',33),(80,'2023-05-10','2023-05-14','2023-05-13','Shipped',11),(81,'2023-09-16','2023-09-20',NULL,'Processing',22),(82,'2023-09-17','2023-09-21',NULL,'Processing',22),(83,'2023-09-18','2023-09-22',NULL,'Processing',22),(84,'2023-09-19','2023-09-23',NULL,'Processing',22),(85,'2023-09-20','2023-09-24',NULL,'Processing',22),(86,'2023-12-24','2023-12-28',NULL,'Processing',33),(87,'2023-12-25','2023-12-29',NULL,'Processing',33),(88,'2023-12-26','2023-12-30',NULL,'Processing',33),(89,'2023-12-27','2023-12-31','2023-12-30','Shipped',11),(90,'2023-12-28','2024-01-01',NULL,'Processing',11),(91,'2023-01-11','2023-01-15',NULL,'Processing',101),(92,'2023-01-12','2023-01-16','2023-01-14','Shipped',102),(93,'2023-01-13','2023-01-17',NULL,'Processing',103),(94,'2023-01-14','2023-01-18','2023-01-17','Shipped',104),(95,'2023-01-15','2023-01-19',NULL,'Processing',105),(96,'2023-05-16','2023-05-20','2023-05-19','Shipped',3),(97,'2023-05-17','2023-05-21',NULL,'Processing',3),(98,'2023-05-18','2023-05-22',NULL,'Processing',2),(99,'2023-05-19','2023-05-23','2023-05-22','Shipped',2),(100,'2023-05-20','2023-05-24','2023-05-23','Shipped',2),(101,'2023-09-26','2023-09-30',NULL,'Processing',33),(102,'2023-09-27','2023-10-01',NULL,'Processing',34),(103,'2023-09-28','2023-10-02',NULL,'Processing',34),(104,'2023-09-29','2023-10-03',NULL,'Processing',43),(105,'2023-09-30','2023-10-04',NULL,'Processing',43),(106,'2023-12-11','2023-12-15',NULL,'Processing',11),(107,'2023-12-12','2023-12-16',NULL,'Processing',13),(108,'2023-12-13','2023-12-17',NULL,'Processing',13),(109,'2023-12-14','2023-12-18','2023-12-17','Shipped',13),(110,'2023-12-15','2023-12-19',NULL,'Processing',13),(131,'2024-01-11','2024-01-15',NULL,'Processing',101),(132,'2024-01-12','2024-01-16','2024-01-14','Shipped',102),(133,'2024-01-13','2024-01-17',NULL,'Processing',33),(134,'2024-01-14','2024-01-18','2024-01-17','Shipped',44),(135,'2024-01-15','2024-01-19',NULL,'Processing',65),(136,'2024-05-16','2024-05-20','2024-05-19','Shipped',67),(137,'2024-05-17','2024-05-21',NULL,'Processing',55),(138,'2024-05-18','2024-05-22',NULL,'Processing',3),(139,'2024-05-19','2024-05-23','2024-05-22','Shipped',1),(140,'2024-05-20','2024-05-24','2024-05-23','Shipped',1),(141,'2024-05-21','2024-05-25',NULL,'Processing',78),(142,'2024-05-22','2024-05-26','2024-05-24','Shipped',77),(143,'2024-05-23','2024-05-27',NULL,'Processing',77),(144,'2024-05-24','2024-05-28','2024-05-27','Shipped',70),(145,'2024-05-25','2024-05-29',NULL,'Processing',70),(146,'2024-09-26','2024-09-30',NULL,'Processing',65),(147,'2024-09-27','2024-10-01',NULL,'Processing',54),(148,'2024-09-28','2024-10-02',NULL,'Processing',58),(149,'2024-09-29','2024-10-03',NULL,'Processing',78),(150,'2024-09-30','2024-10-04',NULL,'Processing',44);
/*!40000 ALTER TABLE orders ENABLE KEYS */;
UNLOCK TABLES;

--
-- Table structure for table `products`
--

DROP TABLE IF EXISTS products;
/*!40101 SET @saved_cs_client     = @@character_set_client */;
/*!50503 SET character_set_client = utf8mb4 */;
CREATE TABLE products (
  productCode int NOT NULL AUTO_INCREMENT,
  productName varchar(100) DEFAULT NULL,
  manufacturer varchar(100) DEFAULT NULL,
  quantityInStock int DEFAULT NULL,
  buyPrice decimal(10,2) DEFAULT NULL,
  PRIMARY KEY (productCode)
) ENGINE=InnoDB AUTO_INCREMENT=231 DEFAULT CHARSET=utf8mb4 COLLATE=utf8mb4_0900_ai_ci;
/*!40101 SET character_set_client = @saved_cs_client */;

--
-- Dumping data for table `products`
--

LOCK TABLES products WRITE;
/*!40000 ALTER TABLE products DISABLE KEYS */;
INSERT INTO products VALUES (1,'Laptop','ABC Electronics',100,899.99),(2,'Desktop Computer','XYZ Computers',50,1299.99),(3,'Monitor','DEF Displays',200,249.99),(4,'Keyboard','GHI Peripherals',300,49.99),(5,'Mouse','JKL Peripherals',400,19.99),(6,'Printer','MNO Printers',150,199.99),(7,'Scanner','PQR Scanners',80,149.99),(8,'External Hard Drive','STU Storage',120,79.99),(9,'Router','VWX Networking',200,69.99),(10,'Smartphone','YZA Mobile',300,699.99),(11,'Tablet','CBA Electronics',200,499.99),(12,'Smartwatch','BAC Wearables',150,299.99),(13,'Bluetooth Headphones','CAB Audio',250,99.99),(14,'Wireless Earbuds','ABC Audio',300,79.99),(15,'Power Bank','DEF Accessories',400,29.99),(16,'Gaming Console','XYZ Gaming',100,399.99),(17,'Gaming Keyboard','GHI Gaming',80,149.99),(18,'Gaming Mouse','JKL Gaming',120,79.99),(19,'Gaming Headset','MNO Gaming',150,99.99),(20,'Gaming Monitor','PQR Gaming',100,299.99),(21,'Fitness Tracker','STU Wearables',200,79.99),(22,'Action Camera','VWX Cameras',150,199.99),(23,'Drone','YZA Drones',100,499.99),(24,'Portable Speaker','CBA Audio',250,59.99),(25,'Car Charger','BAC Accessories',300,19.99),(26,'Wireless Mouse','ABC Peripherals',200,29.99),(27,'External SSD','XYZ Storage',150,129.99),(28,'Graphics Card','DEF Components',100,399.99),(29,'RAM','GHI Components',200,149.99),(30,'Solid State Drive','JKL Storage',300,79.99),(31,'Wireless Keyboard','MNO Peripherals',150,49.99),(32,'Bluetooth Speaker','PQR Audio',250,39.99),(33,'Wireless Earphones','STU Audio',200,59.99),(34,'Webcam','VWX Cameras',100,49.99),(35,'USB Flash Drive','YZA Storage',400,14.99),(36,'Wireless Router','CBA Networking',200,89.99),(37,'Smart Home Device','BAC Home Automation',100,199.99),(38,'Fitness Equipment','CAB Fitness',80,499.99),(39,'Smart Thermostat','ABC Home Automation',120,129.99),(40,'Smart Lock','DEF Home Automation',150,149.99),(41,'Portable Projector','XYZ Electronics',100,299.99),(42,'Digital Camera','GHI Cameras',200,399.99),(43,'Headphones','JKL Audio',300,49.99),(44,'Laptop Stand','MNO Accessories',200,19.99),(45,'Wireless Charger','PQR Accessories',250,29.99),(46,'Wireless Headphones','STU Audio',300,69.99),(47,'Office Chair','VWX Furniture',150,149.99),(48,'Desk Lamp','YZA Lighting',100,39.99),(49,'Computer Desk','CBA Furniture',200,199.99),(50,'Desk Organizer','BAC Accessories',250,14.99),(51,'Portable Hard Drive','CAB Storage',200,79.99),(52,'Power Strip','ABC Electronics',100,29.99),(53,'HDMI Cable','DEF Accessories',150,9.99),(54,'USB-C Adapter','XYZ Accessories',200,19.99),(55,'Wireless Gaming Mouse','GHI Gaming',100,99.99),(56,'Wireless Gaming Keyboard','JKL Gaming',80,149.99),(57,'Gaming Headphones','MNO Gaming',120,79.99),(58,'Gaming Chair','PQR Gaming',150,199.99),(59,'VR Headset','STU Gaming',100,299.99),(60,'Gaming Mouse Pad','VWX Gaming',100,19.99),(61,'Bluetooth Mouse','YZA Peripherals',150,24.99),(62,'Compact Keyboard','CBA Peripherals',100,34.99),(63,'Wireless Presenter','BAC Peripherals',120,39.99),(64,'USB Hub','CAB Peripherals',200,19.99),(65,'Laptop Bag','ABC Accessories',250,29.99),(66,'Bluetooth Keyboard','DEF Peripherals',200,44.99),(67,'Wireless Barcode Scanner','XYZ Peripherals',100,99.99),(68,'USB Microphone','GHI Peripherals',150,49.99),(69,'USB-C Cable','JKL Accessories',200,9.99),(70,'USB Extension Cable','MNO Accessories',300,14.99),(71,'Wireless Charging Pad','PQR Accessories',150,29.99),(72,'Gaming Controller','STU Gaming',100,59.99),(73,'Gaming Keyboard Mouse Combo','VWX Gaming',80,99.99),(74,'Wireless Gaming Headset','YZA Gaming',120,149.99),(75,'Gaming Desk','CBA Gaming',100,199.99),(76,'Gaming Chair Mat','BAC Gaming',150,24.99),(77,'Bluetooth Gamepad','CAB Gaming',100,39.99),(78,'Wireless Gaming Router','ABC Gaming',120,89.99),(79,'Gaming Mouse Bungee','DEF Gaming',150,14.99),(80,'Gaming Desk Pad','XYZ Gaming',100,19.99),(81,'Bluetooth Speaker Set','GHI Audio',100,79.99),(82,'Wireless Surround Sound System','JKL Audio',150,199.99),(83,'Smart Light Bulbs','MNO Lighting',200,29.99),(84,'Smart Plug','PQR Home Automation',250,19.99),(85,'Smart Doorbell','STU Home Automation',100,99.99),(86,'Wireless Security Camera','VWX Home Security',120,149.99),(87,'Smart Door Lock','YZA Home Automation',150,199.99),(88,'Smart Smoke Detector','CBA Home Automation',100,79.99),(89,'Smart Thermostat','BAC Home Automation',200,129.99),(90,'Smart Bulb','CAB Lighting',250,14.99),(91,'Robot Vacuum Cleaner','ABC Smart Home',100,299.99),(92,'Smart Robot Lawn Mower','DEF Smart Home',120,399.99),(93,'Smart Sprinkler Controller','XYZ Smart Home',150,199.99),(94,'Smart Indoor Camera','GHI Smart Home',100,149.99),(95,'Smart Outdoor Camera','JKL Smart Home',150,199.99),(96,'Smart Doorbell Camera','MNO Smart Home',100,249.99),(97,'Smart Thermostat','PQR Smart Home',150,179.99),(98,'Smart Garage Door Opener','STU Smart Home',120,199.99),(99,'Smart Light Switch','VWX Smart Home',100,29.99),(100,'Smart Lock','YZA Smart Home',200,149.99),(101,'Smart Door Sensor','CBA Smart Home',250,19.99),(102,'Smart Window Sensor','BAC Smart Home',100,14.99),(103,'Smart Water Leak Detector','CAB Smart Home',200,29.99),(104,'Smart Humidity Sensor','ABC Smart Home',150,24.99),(105,'Smart Temperature Sensor','DEF Smart Home',200,19.99),(106,'Smart CO2 Detector','XYZ Smart Home',100,49.99),(107,'Smart Smoke Detector','GHI Smart Home',120,39.99),(108,'Smart Air Quality Monitor','JKL Smart Home',150,99.99),(109,'Smart UV Index Monitor','MNO Smart Home',100,59.99),(110,'Smart Weather Station','PQR Smart Home',150,79.99),(111,'Smart Home Alarm System','STU Smart Home',120,199.99),(112,'Smart Home Security Camera System','VWX Smart Home',150,299.99),(113,'Smart Home Surveillance System','YZA Smart Home',100,399.99),(114,'Smart Home Automation Kit','CBA Smart Home',200,199.99),(115,'Smart Home Starter Kit','BAC Smart Home',250,299.99),(116,'Smart Home Security System','CAB Smart Home',100,399.99),(117,'Smart Home Monitoring System','ABC Smart Home',120,499.99),(118,'Smart Home Control Panel','DEF Smart Home',150,299.99),(119,'Smart Home Hub','XYZ Smart Home',100,199.99),(120,'Smart Home Gateway','GHI Smart Home',150,249.99),(121,'Smart Home Network Adapter','JKL Smart Home',120,79.99),(122,'Smart Home Bridge','MNO Smart Home',100,99.99),(123,'Smart Home Extender','PQR Smart Home',150,149.99),(124,'Smart Home Repeater','STU Smart Home',100,59.99),(125,'Smart Home Booster','VWX Smart Home',150,69.99),(126,'Smart Home Range Extender','YZA Smart Home',120,79.99),(127,'Smart Home Signal Amplifier','CBA Smart Home',100,89.99),(128,'Smart Home Antenna','BAC Smart Home',150,49.99),(129,'Smart Home Mesh Network','CAB Smart Home',100,199.99),(130,'Smart Home Wireless Bridge','ABC Smart Home',150,249.99),(131,'Smart Home Wireless Repeater','DEF Smart Home',120,59.99),(132,'Smart Home Wireless Extender','XYZ Smart Home',100,49.99),(133,'Smart Home Wireless Booster','GHI Smart Home',150,69.99),(134,'Smart Home Wireless Range Extender','JKL Smart Home',120,79.99),(135,'Smart Home Wireless Signal Amplifier','MNO Smart Home',100,89.99),(136,'Smart Home Wireless Antenna','PQR Smart Home',150,49.99),(137,'Smart Home Mesh Network System','STU Smart Home',100,199.99),(138,'Smart Home Wireless Bridge System','VWX Smart Home',150,249.99),(139,'Smart Home Wireless Repeater System','YZA Smart Home',120,59.99),(140,'Smart Home Wireless Extender System','CBA Smart Home',100,49.99),(141,'Wireless Router','BAC Networking',200,79.99),(142,'Smartwatch','CAB Wearables',150,299.99),(143,'Fitness Tracker','ABC Wearables',200,149.99),(144,'Action Camera','DEF Cameras',100,199.99),(145,'Drone','XYZ Drones',150,499.99),(146,'Smart TV','STU Electronics',100,999.99),(147,'Streaming Device','VWX Electronics',200,79.99),(148,'Wireless Speaker','YZA Audio',150,149.99),(149,'Home Theater System','CBA Audio',100,499.99),(150,'Soundbar','BAC Audio',120,199.99),(151,'Surround Sound System','CAB Audio',150,299.99),(152,'Stereo System','ABC Audio',100,249.99),(153,'Bluetooth Sound System','DEF Audio',120,149.99),(154,'Bookshelf Speakers','XYZ Audio',150,199.99),(155,'Tower Speakers','GHI Audio',100,349.99),(156,'Gaming PC','JKL Computers',100,1499.99),(157,'VR Gaming Headset','MNO Gaming',150,399.99),(158,'Gaming Laptop','PQR Computers',100,1999.99),(159,'Gaming Desktop','STU Computers',120,1799.99),(160,'Gaming Monitor','VWX Displays',100,399.99),(161,'Mechanical Keyboard','YZA Peripherals',150,99.99),(162,'Gaming Mouse','CBA Peripherals',100,79.99),(163,'Gaming Headset','BAC Audio',120,129.99),(164,'Gaming Chair','CAB Furniture',150,249.99),(165,'Gaming Desk','ABC Furniture',100,199.99),(166,'Gaming Mouse Pad','DEF Accessories',150,19.99),(167,'Gaming Controller','XYZ Accessories',100,49.99),(168,'Gaming Keyboard Mouse Combo','GHI Accessories',120,69.99),(169,'Wireless Gaming Router','JKL Networking',150,129.99),(170,'Gaming Desk Pad','MNO Accessories',100,29.99),(171,'Gaming Chair Mat','PQR Accessories',150,24.99),(172,'Bluetooth Gamepad','STU Accessories',100,39.99),(173,'Wireless Gaming Mouse','VWX Peripherals',120,59.99),(174,'Wireless Gaming Keyboard','YZA Peripherals',150,89.99),(175,'Gaming Headphones','CBA Audio',100,79.99),(176,'Gaming Mouse Bungee','BAC Accessories',150,14.99),(177,'Gaming Desk Mat','CAB Accessories',100,19.99),(178,'Gaming Chair Armrest Pads','ABC Accessories',120,9.99),(179,'Gaming Controller Charging Dock','DEF Accessories',150,29.99),(180,'Gaming Console Stand','XYZ Accessories',100,39.99),(181,'Gaming Keyboard Wrist Rest','GHI Accessories',150,9.99),(182,'Gaming Mouse Pad with Wrist Support','JKL Accessories',100,14.99),(183,'Gaming Chair Lumbar Support Cushion','MNO Accessories',120,19.99),(184,'Gaming Desk Cable Management Tray','PQR Accessories',150,9.99),(185,'Gaming Headset Stand','STU Accessories',100,14.99),(186,'Wireless Gaming Mousepad Charger','VWX Peripherals',150,39.99),(187,'Gaming Keyboard Keycap Set','YZA Peripherals',100,29.99),(188,'Gaming Chair Floor Mat','CBA Accessories',120,24.99),(189,'Gaming Desk Cable Sleeve','BAC Accessories',150,19.99),(190,'Gaming Headset Stand with USB Hub','CAB Accessories',100,29.99),(191,'Gaming Mouse Bungee with USB Hub','ABC Accessories',120,39.99),(192,'Wireless Gaming Keyboard and Mouse Combo','DEF Peripherals',100,99.99),(193,'Gaming Chair with Footrest','XYZ Furniture',150,299.99),(194,'Gaming Desk with RGB Lighting','GHI Furniture',100,249.99),(195,'Gaming Mouse with Programmable Buttons','JKL Peripherals',120,79.99),(196,'Gaming Keyboard with RGB Backlighting','MNO Peripherals',150,89.99),(197,'Wireless Gaming Headset with Surround Sound','PQR Audio',100,199.99),(198,'Gaming Chair with Massage Function','STU Furniture',120,349.99),(199,'Gaming Desk with Cup Holder','VWX Furniture',150,199.99),(200,'Gaming Chair with RGB Lighting','YZA Furniture',100,299.99),(201,'Gaming Desk with Headphone Hook','CBA Furniture',120,149.99),(202,'Wireless Gaming Mouse with Adjustable DPI','BAC Peripherals',150,59.99),(203,'Gaming Mouse Pad with RGB Lighting','CAB Peripherals',100,39.99),(204,'Gaming Headset with Detachable Microphone','ABC Audio',120,129.99),(205,'Gaming Keyboard with Mechanical Switches','DEF Peripherals',150,99.99),(206,'Wireless Gaming Controller','XYZ Gaming',100,79.99),(207,'Gaming Mouse Bungee with RGB Lighting','GHI Peripherals',120,29.99),(208,'Gaming Desk with Height Adjustment','JKL Furniture',150,199.99),(209,'Gaming Chair with Lumbar Massage Pillow','MNO Furniture',100,249.99),(210,'Gaming Headset with Noise Cancelling Microphone','PQR Audio',120,149.99),(211,'Gaming Keyboard with Customizable RGB Lighting','STU Peripherals',150,129.99),(212,'Wireless Gaming Mouse with Rechargeable Battery','VWX Peripherals',100,49.99),(213,'Gaming Mouse Pad with Wireless Charging','YZA Peripherals',120,69.99),(214,'Gaming Headset with 7.1 Surround Sound','CBA Audio',150,99.99),(215,'Gaming Keyboard with Programmable Macro Keys','BAC Peripherals',100,89.99),(216,'Wireless Gaming Mouse with RGB Lighting','CAB Peripherals',120,59.99),(217,'Gaming Mouse Bungee with USB Hub and RGB Lighting','ABC Peripherals',150,39.99),(218,'Gaming Desk with Cable Management System','DEF Furniture',100,199.99),(219,'Gaming Chair with Adjustable Armrests','XYZ Furniture',120,149.99),(220,'Gaming Headset with Virtual Surround Sound','GHI Audio',150,79.99),(221,'Gaming Keyboard with Cherry MX Switches','JKL Peripherals',100,129.99),(222,'Wireless Gaming Mouse with Adjustable Weight','MNO Peripherals',120,69.99),(223,'Gaming Mouse Pad with Large Surface Area','PQR Peripherals',150,19.99),(224,'Gaming Headset with Retractable Microphone','STU Audio',100,99.99),(225,'Gaming Keyboard with Detachable Wrist Rest','VWX Peripherals',120,49.99),(226,'Wireless Gaming Mouse with Optical Sensor','YZA Peripherals',150,39.99),(227,'Gaming Mouse Bungee with Headset Stand','CBA Peripherals',100,29.99),(228,'Gaming Desk with RGB Lighting and Cup Holder','BAC Furniture',120,299.99),(229,'Gaming Chair with Lumbar Support and Footrest','CAB Furniture',150,349.99);
/*!40000 ALTER TABLE products ENABLE KEYS */;
UNLOCK TABLES;

--
-- Table structure for table `purchase`
--

DROP TABLE IF EXISTS purchase;
/*!40101 SET @saved_cs_client     = @@character_set_client */;
/*!50503 SET character_set_client = utf8mb4 */;
CREATE TABLE purchase (
  customerId int DEFAULT NULL,
  totalAmount decimal(10,2) DEFAULT NULL,
  purchaseDate date DEFAULT NULL,
  KEY customerId (customerId),
  CONSTRAINT purchase_ibfk_1 FOREIGN KEY (customerId) REFERENCES customers (customerId)
) ENGINE=InnoDB DEFAULT CHARSET=utf8mb4 COLLATE=utf8mb4_0900_ai_ci;
/*!40101 SET character_set_client = @saved_cs_client */;

--
-- Dumping data for table `purchase`
--

LOCK TABLES purchase WRITE;
/*!40000 ALTER TABLE purchase DISABLE KEYS */;
INSERT INTO purchase VALUES (1,199.99,'2023-01-01'),(2,299.99,'2023-01-02'),(3,99.99,'2023-01-03'),(4,149.99,'2023-01-04'),(5,249.99,'2023-01-05'),(6,199.99,'2023-01-06'),(7,299.99,'2023-01-07'),(8,99.99,'2023-01-08'),(9,149.99,'2023-01-09'),(10,249.99,'2023-01-10'),(11,199.99,'2023-01-11'),(12,299.99,'2023-01-12'),(13,99.99,'2023-01-13'),(14,149.99,'2023-01-14'),(15,249.99,'2023-01-15'),(16,199.99,'2023-01-16'),(17,299.99,'2023-01-17'),(18,99.99,'2023-01-18'),(19,149.99,'2023-01-19'),(20,249.99,'2023-01-20'),(21,199.99,'2023-01-21'),(22,299.99,'2023-01-22'),(23,99.99,'2023-01-23'),(24,149.99,'2023-01-24'),(25,249.99,'2023-01-25'),(26,199.99,'2023-01-26'),(27,299.99,'2023-01-27'),(28,99.99,'2023-01-28'),(29,149.99,'2023-01-29'),(30,249.99,'2023-01-30'),(31,199.99,'2023-01-31'),(32,299.99,'2023-02-01'),(33,99.99,'2023-02-02'),(34,149.99,'2023-02-03'),(35,249.99,'2023-02-04'),(36,199.99,'2023-02-05'),(37,299.99,'2023-02-06'),(38,99.99,'2023-02-07'),(39,149.99,'2023-02-08'),(40,249.99,'2023-02-09'),(41,199.99,'2023-02-10'),(42,299.99,'2023-02-11'),(43,99.99,'2023-02-12'),(44,149.99,'2023-02-13'),(45,249.99,'2023-02-14'),(46,199.99,'2023-02-15'),(47,299.99,'2023-02-16'),(48,99.99,'2023-02-17'),(49,149.99,'2023-02-18'),(50,249.99,'2023-02-19'),(51,199.99,'2023-02-20'),(52,299.99,'2023-02-21'),(53,99.99,'2023-02-22'),(54,149.99,'2023-02-23'),(55,249.99,'2023-02-24'),(56,199.99,'2023-02-25'),(57,299.99,'2023-02-26'),(58,99.99,'2023-02-27'),(59,149.99,'2023-02-28'),(60,249.99,'2023-03-01'),(61,199.99,'2023-03-02'),(62,299.99,'2023-03-03'),(63,99.99,'2023-03-04'),(64,149.99,'2023-03-05'),(65,249.99,'2023-03-06'),(66,199.99,'2023-03-07'),(67,299.99,'2023-03-08'),(68,99.99,'2023-03-09'),(69,149.99,'2023-03-10'),(70,249.99,'2023-03-11');
/*!40000 ALTER TABLE purchase ENABLE KEYS */;
UNLOCK TABLES;
/*!40103 SET TIME_ZONE=@OLD_TIME_ZONE */;

/*!40101 SET SQL_MODE=@OLD_SQL_MODE */;
/*!40014 SET FOREIGN_KEY_CHECKS=@OLD_FOREIGN_KEY_CHECKS */;
/*!40014 SET UNIQUE_CHECKS=@OLD_UNIQUE_CHECKS */;
/*!40101 SET CHARACTER_SET_CLIENT=@OLD_CHARACTER_SET_CLIENT */;
/*!40101 SET CHARACTER_SET_RESULTS=@OLD_CHARACTER_SET_RESULTS */;
/*!40101 SET COLLATION_CONNECTION=@OLD_COLLATION_CONNECTION */;
/*!40111 SET SQL_NOTES=@OLD_SQL_NOTES */;

-- Dump completed on 2024-02-24  0:18:57
